heuristic,n_runs,mean_expanded,std_expanded,mean_time_s,std_time_s,mean_depth_if_solved,solve_rate
Hamming,100,18074.63,18660.85517254791,0.5502258800002164,0.574362312679625,22.46,1.0
Manhattan,100,1827.94,2236.1117354312446,0.05460055299990927,0.06834311151621449,22.46,1.0
