heuristic,n_runs,mean_expanded,std_expanded,mean_time_s,std_time_s,mean_depth_if_solved,solve_rate
Hamming,10,11686,12158.591539410403,0.10785721000283957,0.11253891668038705,21.7,1.0
Manhattan,10,1076.2,913.1420480954756,0.009640469995792956,0.008054023616376435,21.7,1.0
