heuristic,n_runs,mean_expanded,std_expanded,mean_time_s,std_time_s,mean_depth_if_solved,solve_rate
Hamming,100,18074.63,18660.85517254791,0.6688368769995577,0.7394424212440813,22.46,1.0
Manhattan,100,1827.94,2236.1117354312446,0.07225868600027752,0.09148026269403609,22.46,1.0
